{
  "query_var": "Y",
  "do_vars": [
    "X"
  ],
  "num_samples": 100,
  "average_error": 0.4806997029744916,
  "weighted_error": 1.0959245472935915,
  "ate_error": 0.9613994059489831,
  "elapsed_seconds": 0.0021491249999989748,
  "true_dists": {
    "a": [
      0.9965244063631322,
      0.003475593636867721
    ],
    "b": [
      0.003475593636867721,
      0.9965244063631322
    ]
  },
  "learned_dists": {
    "a": [
      0.055566951256603804,
      0.9444330487433962
    ],
    "b": [
      0.023917544479322334,
      0.9760824555206776
    ]
  }
}